[[first_name, last_name, email, gender, address], [Mata, Philipp, mphilipp0@dropbox.com, Female, 200 6th Trail], [Mireielle, Gasson, mgasson1@nps.gov, Bigender, 4 Clove Parkway], [Floria, Hanselman, fhanselman2@oaic.gov.au, Male, 25 Bultman Point], [Finn, Press, fpress3@psu.edu, Agender, 2 Tennyson Lane], [Olly, McPhillimey, omcphillimey4@fema.gov, Non-binary, 41695 Main Drive], [Evey, Larvin, elarvin5@tamu.edu, Male, 676 Arrowood Court], [Arel, Braune, abraune6@bbb.org, Non-binary, 8930 Elgar Way], [Harmon, Heath, hheath7@quantcast.com, Bigender, 7795 Evergreen Plaza], [Monah, Forri, mforri8@paginegialle.it, Male, 6 Sachs Pass], [Lianna, MacHarg, lmacharg9@google.ru, Genderqueer, 46 Lerdahl Pass]]